[
    {
        "pk": 1, 
        "model": "ubuzima.reporttype", 
        "fields": {
            "name": "Birth"
        }
    }, 
    {
        "pk": 2, 
        "model": "ubuzima.reporttype", 
        "fields": {
            "name": "Death"
        }
    }, 
    {
        "pk": 3, 
        "model": "ubuzima.reporttype", 
        "fields": {
            "name": "Risk"
        }
    }, 
    {
        "pk": 4, 
        "model": "ubuzima.reporttype", 
        "fields": {
            "name": "Pregnancy"
        }
    }, 
    {
        "pk": 5, 
        "model": "ubuzima.reporttype", 
        "fields": {
            "name": "Child Health"
        }
    }, 
    {
        "pk": 6, 
        "model": "ubuzima.reporttype", 
        "fields": {
            "name": "ANC"
        }
    }, 
    {
        "pk": 1, 
        "model": "ubuzima.fieldcategory", 
        "fields": {
            "name": "Birth"
        }
    }, 
    {
        "pk": 2, 
        "model": "ubuzima.fieldcategory", 
        "fields": {
            "name": "Death"
        }
    }, 
    {
        "pk": 3, 
        "model": "ubuzima.fieldcategory", 
        "fields": {
            "name": "Risk"
        }
    }, 
    {
        "pk": 4, 
        "model": "ubuzima.fieldcategory", 
        "fields": {
            "name": "Movement"
        }
    }, 
    {
        "pk": 5, 
        "model": "ubuzima.fieldcategory", 
        "fields": {
            "name": "Metric"
        }
    }, 
    {
        "pk": 6, 
        "model": "ubuzima.fieldcategory", 
        "fields": {
            "name": "Vaccination"
        }
    }, 
    {
        "pk": 1, 
        "model": "ubuzima.fieldtype", 
        "fields": {
            "category": 2, 
            "description": "Maternal Death", 
            "key": "md", 
            "has_value": false
        }
    }, 
    {
        "pk": 2, 
        "model": "ubuzima.fieldtype", 
        "fields": {
            "category": 2, 
            "description": "Miscarriage", 
            "key": "mc", 
            "has_value": false
        }
    }, 
    {
        "pk": 3, 
        "model": "ubuzima.fieldtype", 
        "fields": {
            "category": 2, 
            "description": "Child Death", 
            "key": "cd", 
            "has_value": false
        }
    }, 
    {
        "pk": 4, 
        "model": "ubuzima.fieldtype", 
        "fields": {
            "category": 1, 
            "description": "Mother at term", 
            "key": "te", 
            "has_value": false
        }
    }, 
    {
        "pk": 5, 
        "model": "ubuzima.fieldtype", 
        "fields": {
            "category": 1, 
            "description": "Mother in labor", 
            "key": "la", 
            "has_value": false
        }
    }, 
    {
        "pk": 6, 
        "model": "ubuzima.fieldtype", 
        "fields": {
            "category": 1, 
            "description": "Has never received clinical antenatal care", 
            "key": "na", 
            "has_value": false
        }
    }, 
    {
        "pk": 7, 
        "model": "ubuzima.fieldtype", 
        "fields": {
            "category": 1, 
            "description": "Twins", 
            "key": "tw", 
            "has_value": false
        }
    }, 
    {
        "pk": 8, 
        "model": "ubuzima.fieldtype", 
        "fields": {
            "category": 1, 
            "description": "Triplets", 
            "key": "tr", 
            "has_value": false
        }
    }, 
    {
        "pk": 9, 
        "model": "ubuzima.fieldtype", 
        "fields": {
            "category": 1, 
            "description": "Male", 
            "key": "bo", 
            "has_value": false
        }
    }, 
    {
        "pk": 10, 
        "model": "ubuzima.fieldtype", 
        "fields": {
            "category": 1, 
            "description": "Female", 
            "key": "gi", 
            "has_value": false
        }
    }, 
    {
        "pk": 11, 
        "model": "ubuzima.fieldtype", 
        "fields": {
            "category": 3, 
            "description": "Perceived serious but cause unknown", 
            "key": "sc", 
            "has_value": false
        }
    }, 
    {
        "pk": 12, 
        "model": "ubuzima.fieldtype", 
        "fields": {
            "category": 3, 
            "description": "Cord infection", 
            "key": "ci", 
            "has_value": false
        }
    }, 
    {
        "pk": 13, 
        "model": "ubuzima.fieldtype", 
        "fields": {
            "category": 3, 
            "description": "Diarrhea", 
            "key": "di", 
            "has_value": false
        }
    }, 
    {
        "pk": 14, 
        "model": "ubuzima.fieldtype", 
        "fields": {
            "category": 3, 
            "description": "Malaria", 
            "key": "ma", 
            "has_value": false
        }
    }, 
    {
        "pk": 15, 
        "model": "ubuzima.fieldtype", 
        "fields": {
            "category": 3, 
            "description": "Fever", 
            "key": "fe", 
            "has_value": false
        }
    }, 
    {
        "pk": 16, 
        "model": "ubuzima.fieldtype", 
        "fields": {
            "category": 3, 
            "description": "Hypothermia", 
            "key": "hy", 
            "has_value": false
        }
    }, 
    {
        "pk": 17, 
        "model": "ubuzima.fieldtype", 
        "fields": {
            "category": 3, 
            "description": "Rapid breathing", 
            "key": "rb", 
            "has_value": false
        }
    }, 
    {
        "pk": 18, 
        "model": "ubuzima.fieldtype", 
        "fields": {
            "category": 1, 
            "description": "Pneumonia", 
            "key": "pn", 
            "has_value": false
        }
    }, 
    {
        "pk": 19, 
        "model": "ubuzima.fieldtype", 
        "fields": {
            "category": 3, 
            "description": "Hemorrhaging/Bleeding", 
            "key": "he", 
            "has_value": false
        }
    }, 
    {
        "pk": 20, 
        "model": "ubuzima.fieldtype", 
        "fields": {
            "category": 4, 
            "description": "At hospital facility", 
            "key": "hp", 
            "has_value": false
        }
    }, 
    {
        "pk": 21, 
        "model": "ubuzima.fieldtype", 
        "fields": {
            "category": 4, 
            "description": "At clinic facility", 
            "key": "cl", 
            "has_value": false
        }
    }, 
    {
        "pk": 22, 
        "model": "ubuzima.fieldtype", 
        "fields": {
            "category": 4, 
            "description": "On route", 
            "key": "or", 
            "has_value": false
        }
    }, 
    {
        "pk": 23, 
        "model": "ubuzima.fieldtype", 
        "fields": {
            "category": 4, 
            "description": "At home", 
            "key": "ho", 
            "has_value": false
        }
    }, 
    {
        "pk": 24, 
        "model": "ubuzima.fieldtype", 
        "fields": {
            "category": 1, 
            "description": "Child weight", 
            "key": "child_weight", 
            "has_value": true
        }
    }, 
    {
        "pk": 44, 
        "model": "ubuzima.fieldtype", 
        "fields": {
            "category": 1, 
            "description": "Child Number", 
            "key": "child_number", 
            "has_value": true
        }
    }, 
    {
        "pk": 25, 
        "model": "ubuzima.fieldtype", 
        "fields": {
            "category": 1, 
            "description": "MUAC", 
            "key": "muac", 
            "has_value": true
        }
    }, 
    {
        "pk": 26, 
        "model": "ubuzima.fieldtype", 
        "fields": {
            "category": 1, 
            "description": "Child length", 
            "key": "child_length", 
            "has_value": true
        }
    }, 
    {
        "pk": 27, 
        "model": "ubuzima.fieldtype", 
        "fields": {
            "category": 1, 
            "description": "Mother weight", 
            "key": "mother_weight", 
            "has_value": true
        }
    }, 
    {
        "pk": 28, 
        "model": "ubuzima.fieldtype", 
        "fields": {
            "category": 3, 
            "description": "Vomiting", 
            "key": "vo", 
            "has_value": false
        }
    }, 
    {
        "pk": 29, 
        "model": "ubuzima.fieldtype", 
        "fields": {
            "category": 3, 
            "description": "Convulsions", 
            "key": "co", 
            "has_value": false
        }
    }, 
    {
        "pk": 30, 
        "model": "ubuzima.fieldtype", 
        "fields": {
            "category": 3, 
            "description": "Severe Anemia", 
            "key": "sa", 
            "has_value": false
        }
    }, 
    {
        "pk": 31, 
        "model": "ubuzima.fieldtype", 
        "fields": {
            "category": 3, 
            "description": "Coughing", 
            "key": "ch", 
            "has_value": false
        }
    }, 
    {
        "pk": 32, 
        "model": "ubuzima.fieldtype", 
        "fields": {
            "category": 3, 
            "description": "Unconscious", 
            "key": "un", 
            "has_value": false
        }
    }, 
    {
        "pk": 33, 
        "model": "ubuzima.fieldtype", 
        "fields": {
            "category": 3, 
            "description": "Oedema", 
            "key": "oe", 
            "has_value": false
        }
    }, 
    {
        "pk": 34, 
        "model": "ubuzima.fieldtype", 
        "fields": {
            "category": 3, 
            "description": "No Problem", 
            "key": "np", 
            "has_value": false
        }
    }, 
    {
        "pk": 35, 
        "model": "ubuzima.fieldtype", 
        "fields": {
            "category": 3, 
            "description": "Flaccid Paralysis", 
            "key": "fp", 
            "has_value": false
        }
    }, 
    {
        "pk": 36, 
        "model": "ubuzima.fieldtype", 
        "fields": {
            "category": 3, 
            "description": "Neck Stiffness", 
            "key": "ns", 
            "has_value": false
        }
    }, 
    {
        "pk": 37, 
        "model": "ubuzima.fieldtype", 
        "fields": {
            "category": 3, 
            "description": "Congenital Malfunction", 
            "key": "cm", 
            "has_value": false
        }
    }, 
    {
        "pk": 38, 
        "model": "ubuzima.fieldtype", 
        "fields": {
            "category": 3, 
            "description": "Jaundice", 
            "key": "ja", 
            "has_value": false
        }
    }, 
    {
        "pk": 39, 
        "model": "ubuzima.fieldtype", 
        "fields": {
            "category": 3, 
            "description": "Abnormal Fontanel", 
            "key": "af", 
            "has_value": false
        }
    }, 
    {
        "pk": 40, 
        "model": "ubuzima.fieldtype", 
        "fields": {
            "category": 3, 
            "description": "Premature Contraction", 
            "key": "pc", 
            "has_value": false
        }
    }, 
    {
        "pk": 41, 
        "model": "ubuzima.fieldtype", 
        "fields": {
            "category": 3, 
            "description": "Stroke Labor", 
            "key": "sl", 
            "has_value": false
        }
    }, 
    {
        "pk": 42, 
        "model": "ubuzima.fieldtype", 
        "fields": {
            "category": 3, 
            "description": "Chronic Disease", 
            "key": "ds", 
            "has_value": false
        }
    }, 
    {
        "pk": 43, 
        "model": "ubuzima.fieldtype", 
        "fields": {
            "category": 3, 
            "description": "Labor on Previous Cesarian Section", 
            "key": "ps", 
            "has_value": false
        }
    }, 
    {
        "pk": 45, 
        "model": "ubuzima.fieldtype", 
        "fields": {
            "category": 6, 
            "description": "Vaccine: BCG, P0", 
            "key": "v1", 
            "has_value": false
        }
    }, 
    {
        "pk": 46, 
        "model": "ubuzima.fieldtype", 
        "fields": {
            "category": 6, 
            "description": "Vaccine: P1, Penta1, PCV1", 
            "key": "v2", 
            "has_value": false
        }
    }, 
    {
        "pk": 47, 
        "model": "ubuzima.fieldtype", 
        "fields": {
            "category": 6, 
            "description": "Vaccine: P2, Penta2, PCV2", 
            "key": "v3", 
            "has_value": false
        }
    }, 
    {
        "pk": 48, 
        "model": "ubuzima.fieldtype", 
        "fields": {
            "category": 6, 
            "description": "Vaccine: P3, Penta3, PCV3", 
            "key": "v4", 
            "has_value": false
        }
    }, 
    {
        "pk": 49, 
        "model": "ubuzima.fieldtype", 
        "fields": {
            "category": 6, 
            "description": "Vaccine: Measles", 
            "key": "v5", 
            "has_value": false
        }
    }
]